{
	"description": "项目配置文件。",
	"packOptions": {
		"ignore": []
	},
	"setting": {
		"urlCheck": true,
		"postcss": false,
		"minified": true,
		"es6": true
	},
	"compileType": "miniprogram",
	"libVersion": "2.9.2",
	"appid": "wx843d554d8dad3511",
	"projectname": "online-question-bank",
	"cloudfunctionRoot": "cloudfunctions/",
	"simulatorType": "wechat",
	"simulatorPluginLibVersion": {},
	"condition": {
		"search": {
			"current": -1,
			"list": []
		},
		"conversation": {
			"current": -1,
			"list": []
		},
		"game": {
			"current": -1,
			"list": []
		},
		"miniprogram": {
			"current": -1,
			"list": []
		}
	}
}